-- 初始订单
INSERT INTO orders
(id, order_price, receive_address, order_status, create_time,           pay_time,               express_code, deliver_time,          complete_time, cancel_time, update_time) VALUES
(1,  20.00,       '辽宁沈阳',        30,          '2023-01-23 11:30:59',  '2023-01-23 14:16:14',  '111',        '2023-01-23 14:16:48', NULL,          NULL,        NULL),
(2,  30.00,       '辽宁沈阳',        10,          '2023-01-23 13:10:09',   NULL,                   NULL,         NULL,                  NULL,          NULL,        NULL),
(3,  30.00,       '辽宁沈阳',        10,          '2023-01-23 13:10:09',   NULL,                   NULL,         NULL,                  NULL,          NULL,        NULL),
(4,  30.00,       '辽宁沈阳',        10,          '2023-01-23 13:10:09',   NULL,                   NULL,         NULL,                  NULL,          NULL,        NULL),
(5,  30.00,       '辽宁沈阳',        10,          '2023-01-23 13:10:09',   NULL,                   NULL,         NULL,                  NULL,          NULL,        NULL);
-- 初始订单商品
INSERT INTO order_goods
(id, goods_id, order_id, goods_count, goods_price, goods_sum_price, create_time,           update_time) VALUES
(1,  1,        1,        2,           10.00,       20.00,           '2023-01-23 11:30:59', '2023-01-23 11:30:59'),
(2,  2,        2,        3,           10.00,       30.00,           '2023-01-23 11:30:59', '2023-01-23 11:30:59'),
(3,  1,        3,        1,           10.00,       10.00,           '2023-01-23 11:30:59', '2023-01-23 11:30:59'),
(4,  1,        4,        1,           10.00,       10.00,           '2023-01-23 11:30:59', '2023-01-23 11:30:59'),
(5,  1,        5,        1,           10.00,       10.00,           '2023-01-23 11:30:59', '2023-01-23 11:30:59');


-- 初始分类数据
INSERT INTO category
(id,   parent_category_id, category_name, category_desc,      create_time,                update_time) VALUES
( 1,   null,               '分类1',       '查询测试专用数据',    '2023-01-01T15:58:04.105',   '2023-01-07T15:58:04.105'),
( 11,   1,                 '分类1-1',     '分类1-1描述',        '2023-01-02T15:58:04.105',   '2023-01-07T15:58:04.105'),
( 12,   1,                 '分类1-2',     '分类1-2描述',        '2023-01-03T15:58:04.105',   '2023-01-07T15:58:04.105'),
( 2,   null,               '分类2',       '分类2描述',          '2023-01-04T15:58:04.105',   '2023-01-07T15:58:04.105'),
( 21,   2,                  '分类2-1',    '分类2-1描述',        '2023-05-03T15:58:04.105',   '2023-01-07T15:58:04.105'),
( 3,   null,               '分类3',       'modify测试专用数据',  '2023-01-05T15:58:04.105',   '2023-01-07T15:58:04.105'),
( 4,   null,               '分类4',       'remove测试专用数据',  '2023-01-06T15:58:04.105',   '2023-01-07T15:58:04.105'),
( 41,   4,                 '分类4-1',     'remove测试专用数据',  '2023-01-07T15:58:04.105',   '2023-01-07T15:58:04.105'),
( 42,   4,                 '分类4-2',     'remove测试专用数据',  '2023-01-08T15:58:04.105',   '2023-01-07T15:58:04.105');

-- 初始商品数据
INSERT INTO goods
( id, category_id, goods_name,   manufacture_date,  expiration_date, goods_weight, goods_weight_unit, goods_desc,             goods_price, goods_status, create_time,               update_time ) VALUES
( 1,  1,           '商品1',      '2023-01-01',       '2023-11-01',    2,            'kg',              '商品1描述',              220.5,       10,          '2023-01-01T16:30:01.095', '2023-01-01T16:30:01.095'),
( 2,  2,           '商品2',      '2022-12-01',       '2023-05-01',    200,          'g',               '商品2描述',              220.5,       10,          '2023-01-02T16:30:01.095', '2023-01-02T16:30:01.095'),
( 3,  11,          '商品3',      '2022-12-01',       '2023-05-01',    200,          'g',               '商品3描述',              220.5,       10,          '2023-01-02T16:30:01.095', '2023-01-02T16:30:01.095'),
( 4,  1,           '商品4',      '2022-12-01',       '2023-05-01',    200,          'g',               'remove测试专用 - 未上架', 220.5,       20,           '2023-01-02T16:30:01.095', '2023-01-02T16:30:01.095'),
( 5,  1,           '商品5',      '2022-12-01',       '2023-05-01',    200,          'g',               'remove测试专用 - 未上架', 220.5,       20,           '2023-01-02T16:30:01.095', '2023-01-02T16:30:01.095'),
( 6,  1,           '商品6',      '2022-12-01',       '2023-05-01',    200,          'g',               '上下架测试专用',          220.5,       20,           '2023-01-02T16:30:01.095', '2023-01-02T16:30:01.095'),
( 7,  1,           '商品7',      '2022-12-01',       '2023-05-01',    200,          'g',               '上下架测试专用',          220.5,       20,           '2023-01-02T16:30:01.095', '2023-01-02T16:30:01.095');

-- 初始商品标签数据
INSERT INTO goods_tag
(id,  tag_name,      tag_desc,           create_time,                update_time) VALUES
( 1,  '标签1',       '标签描述',          '2023-01-01T15:58:04.105',   '2023-01-07T15:58:04.105'),
( 2,  '标签2',       '标签描述',          '2023-01-02T15:58:04.105',   '2023-01-07T15:58:04.105'),
( 3,  '标签3',       '标签描述',          '2023-01-03T15:58:04.105',   '2023-01-07T15:58:04.105'),
( 4,  '标签4',       '标签描述',          '2023-01-04T15:58:04.105',   '2023-01-07T15:58:04.105'),
( 5,  '标签5',       '标签描述',          '2023-05-03T15:58:04.105',   '2023-01-07T15:58:04.105'),
( 6,  '标签6',       '标签描述',          '2023-01-05T15:58:04.105',   '2023-01-07T15:58:04.105'),
( 7,  '标签7',       '标签描述',          '2023-01-06T15:58:04.105',   '2023-01-07T15:58:04.105'),
( 8,  '标签8',       '标签描述',          '2023-01-07T15:58:04.105',   '2023-01-07T15:58:04.105'),
( 9,  '标签9',       '标签描述',          '2023-01-08T15:58:04.105',   '2023-01-07T15:58:04.105'),
( 10, '标签10',      '标签描述',          '2023-01-08T15:58:04.105',   '2023-01-07T15:58:04.105'),
( 11, '标签11',      '标签描述',          '2023-01-08T15:58:04.105',   '2023-01-07T15:58:04.105');

-- 初始商品标签绑定数据
INSERT INTO goods_tag_binding
(goods_id,    tag_id) VALUES
( 1,          1),
( 1,          2),
( 1,          3),
( 2,          3),
( 2,          4),
( 2,          5);